,,,,Blue,Basecamp,Basecamp,Asana,Asana,Asana,Asana,Asana,ClickUp,ClickUp,ClickUp,ClickUp,Monday,Monday,Monday,Monday,Monday,Trello,Trello,Trello,Trello,Airtable,Airtable,Airtable,Airtable,Notion,Notion,Notion,Notion,Wrike,Wrike,Wrike,Wrike,Wrike,Jira,Jira,Jira,Jira,Microsoft Projects,Microsoft Projects,Microsoft Projects,Microsoft Projects,Smartsheet,Smartsheet,Smartsheet,Zoho Projects,Zoho Projects,Zoho Projects
Category,Feature,Feature Emoji,Feature Description,Standard,Standard,Pro,Personal,Starter,Advanced,Enterprise,Enterprise+,Free,Unlimited,Business,Enterprise,Free,Basic,Standard,Pro,Enterprise,Free,Standard,Premium ,Enterprise,Free ,Team,Business,Enterprise,Free,Plus,Business,Enteprrise,Free,Team,Business,Enterprise,Pinnacle,Free,Standard,Premium,Enterprise,Included,Plan 1,Plan 3,Plan 5,Pro,Business,Enterprise,Free,Premium,Enterprise
,Logo,,,/blue-icon.svg,/resources/basecamp-icon.svg,/resources/basecamp-icon.svg,/resources/asana-icon.svg,/resources/asana-icon.svg,/resources/asana-icon.svg,/resources/asana-icon.svg,/resources/asana-icon.svg,/resources/clickup-icon.svg,/resources/clickup-icon.svg,/resources/clickup-icon.svg,/resources/clickup-icon.svg,/resources/monday-icon.svg,/resources/monday-icon.svg,/resources/monday-icon.svg,/resources/monday-icon.svg,/resources/monday-icon.svg,/resources/trello-icon.svg,/resources/trello-icon.svg,/resources/trello-icon.svg,/resources/trello-icon.svg,/resources/airtable-icon.svg,/resources/airtable-icon.svg,/resources/airtable-icon.svg,/resources/airtable-icon.svg,/resources/notion-icon.svg,/resources/notion-icon.svg,/resources/notion-icon.svg,/resources/notion-icon.svg,/resources/wrike-icon.svg,/resources/wrike-icon.svg,/resources/wrike-icon.svg,/resources/wrike-icon.svg,/resources/wrike-icon.svg,/resources/jira-icon.svg,/resources/jira-icon.svg,/resources/jira-icon.svg,/resources/jira-icon.svg,/resources/msprojects-icon.svg,/resources/msprojects-icon.svg,/resources/msprojects-icon.svg,/resources/msprojects-icon.svg,/resources/smartsheet-icon.svg,/resources/smartsheet-icon.svg,/resources/smartsheet-icon.svg,/resources/zoho-icon.svg,/resources/zoho-icon.svg,/resources/zoho-icon.svg
Main Info,Price/User (Monthly),ğŸ’°,The monthly cost per individual user of the software,$7,$15,N/A,Free,$13.49,$30.49,$49.99,,Free,$10,$19,$35,Free,$9,$12,$19,,Free,$6,$12.50,$17.50,Free ,$24,$54,-,Free,$12,$18,-,Free,$9.80,$24.80,-,-,Free,$8,$16,-,-,$10,$30,$55,$12,$24,-,Free,$5,$10
Main Info,Price/User (Yearly),ğŸ“…,The total annual cost per individual user of the software,$70,N/A,N/A,Free,$131.88,$299.88,$588,,Free,$84,$144,,Free,$27,$36,$57,,Free,$60,$120,$210,Free ,$20,$45,-,Free,$10,$15,-,Free,-,-,-,-,Free,-,-,-,-,-,-,-,$9,$19,,Free,$4,$9
Main Info,Fixed Price,ğŸ’²,Whether the plan offers a set monthly price regardless of user count,âŒ,âŒ,$349,âŒ,âŒ,âŒ,âŒ,âŒ,âŒ,âŒ,âŒ,âŒ,âŒ,âŒ,âŒ,âŒ,âŒ,âŒ,âŒ,âŒ,âŒ,âŒ,âŒ,âŒ,âŒ,âŒ,âŒ,âŒ,âŒ,âŒ,âŒ,âŒ,âŒ,âŒ,,,,,,,,,,,,,,
Main Info,Minimum Users,ğŸ‘¤,The smallest number of users required for a subscription,1,1,1,1,1,1,1,1,1,1,1,1,1,3,3,3,3,1,1,1,1,1,1,1,1,1,1,1,1,1,2,5,5,5,1,1,1,,,,,,1,3,-,,,
Main Info,Maximum Users,ğŸ‘¥,The upper limit on the number of users allowed in the plan,Unlimited,Unlimited,Unlimited,10,Unlimited,Unlimited,Unlimited,Unlimited,Unlimited,Unlimited,Unlimited,Unlimited,2,Unlimited,Unlimited,Unlimited,Unlimited,Unlimited,Unlimited,Unlimited,Unlimited,Unlimited,Unlimited,Unlimited,Unlimited,Unlimited,Unlimited,Unlimited,Unlimited,Unlimited,25,200,Unlimited,Unlimited,10,"50,000","50,000","50,000",,,,,10,,,,,
Main Info,Number of Projects,ğŸ“,The maximum number of projects allowed in the plan,Unlimited,Unlimited,Unlimited,Unlimited,Unlimited,Unlimited,Unlimited,Unlimited,Unlimited,Unlimited,Unlimited,Unlimited,Unlimited,Unlimited,Unlimited,Unlimited,Unlimited,Unlimited,Unlimited,Unlimited,Unlimited,Unlimited,Unlimited,Unlimited,Unlimited,Unlimited,Unlimited,Unlimited,Unlimited,-,-,-,-,-,Unlimited,Unlimited,Unlimited,Unlimited,,,,,,,,2,Unlimited,Unlimited
Main Info,Number of Tasks per Project,âœ…,The limit on how many tasks can be created within a single project,"1,000,000",-,-,-,-,-,-,-,-,-,-,-,200,-,-,-,-,Unlimited,Unlimited,Unlimited,Unlimited,"1,000","50,000","125,000","500,000",Unlimited,Unlimited,Unlimited,Unlimited,-,-,-,-,-,Unlimited,Unlimited,Unlimited,Unlimited,,,,,,,,,,
Views,Kanban View,ğŸ“Œ,Visual board for managing work in progress,âœ…,âœ…,âœ…,âœ…,âœ…,âœ…,âœ…,âœ…,âœ…,âœ…,âœ…,âœ…,âœ…,âœ…,âœ…,âœ…,âœ…,âœ…,âœ…,âœ…,âœ…,âœ…,âœ…,âœ…,âœ…,âœ…,âœ…,âœ…,âœ…,âœ…,âœ…,âœ…,âœ…,âœ…,âœ…,âœ…,âœ…,âœ…,âœ…,âœ…,âœ…,âœ…,âœ…,âœ…,âœ…,âœ…,âœ…,âœ…
Views,Calendar View,ğŸ“†,Timeline view of tasks and events,âœ…,âœ…,âœ…,âœ…,âœ…,âœ…,âœ…,âœ…,âœ…,âœ…,âœ…,âœ…,âŒ,âŒ,âœ…,âœ…,âœ…,âŒ,âŒ,âœ…,âœ…,âœ…,âœ…,âœ…,âœ…,âœ…,âœ…,âœ…,âœ…,âŒ,âœ…,âœ…,âœ…,âœ…,âœ…,âœ…,âœ…,âœ…,âœ…,âœ…,âœ…,âœ…,âŒ,âœ…,âœ…,âœ…,âœ…,âœ…
Views,List View,ğŸ“,"Simple, linear display of tasks or items",âœ…,âœ…,âœ…,âœ…,âœ…,âœ…,âœ…,âœ…,âœ…,âœ…,âœ…,âœ…,âœ…,âœ…,âœ…,âœ…,âœ…,âŒ,âŒ,âœ…,âœ…,âœ…,âœ…,âœ…,âœ…,âœ…,âœ…,âœ…,âœ…,âœ…,âœ…,âœ…,âœ…,âœ…,âœ…,âœ…,âœ…,âœ…,âœ…,âœ…,âœ…,âœ…,âœ…,âœ…,âœ…,âœ…,âœ…,âœ…
Views,Database/Table View,ğŸ—ƒï¸,Spreadsheet-like view for managing structured data,âœ…,âŒ,âŒ,âœ… (List View),âœ…,âœ…,âœ…,âœ…,âœ…,âœ…,âœ…,âœ…,âœ…,âœ…,âœ…,âœ…,âœ…,âŒ,âŒ,âœ…,âœ…,âœ…,âœ…,âœ…,âœ…,âœ…,âœ…,âœ…,âœ…,âœ…,âœ…,âœ…,âœ…,âœ…,âœ…,âœ…,âœ…,âœ…,âœ…,âœ…,âœ…,âœ…,âœ…,âœ…,âœ…,âœ…,âœ…,âœ…
Views,Gantt Chart/Timeline,ğŸ“Š,Visual representation of project schedules and dependencies,âœ…,âŒ,âŒ,âŒ,âœ…,âœ…,âœ…,âœ…,âœ… (60 uses),âœ…,âœ…,âœ…,âŒ,âŒ,âœ…,âœ…,âœ…,âŒ,âŒ,âœ…,âœ…,âŒ,âœ…,âœ…,âœ…,âœ…,âœ…,âœ…,âœ…,âŒ,âœ…,âœ…,âœ…,âœ…,âœ…,âœ…,âœ…,âœ…,âŒ,âœ…,âœ…,âœ…,âœ…,âœ…,âœ…,âŒ,âœ…,âœ…
Views,Map View,ğŸ—ºï¸,Geographical representation of location-based data,âœ…,âŒ,âŒ,âŒ,âŒ,âŒ,âŒ,âŒ,âŒ,âœ… (100 uses),âœ…,âœ…,âŒ,âŒ,âœ…,âœ…,âœ…,âŒ,âŒ,âœ…,âœ…,âŒ,âŒ,âŒ,âŒ,âŒ,âŒ,âŒ,âŒ,âŒ,âŒ,âŒ,âŒ,âŒ,âŒ,âŒ,âŒ,âŒ,âŒ,âŒ,âŒ,âŒ,âŒ,âœ…,âœ…,âŒ,âŒ,âŒ
Views,Mindmaps,ğŸ§ ,Visual tool for brainstorming and organizing ideas,âŒ,âŒ,âŒ,âŒ,âŒ,âŒ,âŒ,âŒ,âŒ,âŒ,âŒ,âŒ,âŒ,âŒ,âŒ,âŒ,âŒ,âŒ,âŒ,âŒ,âŒ,âŒ,âŒ,âŒ,âŒ,âŒ,âŒ,âŒ,âŒ,âŒ,âŒ,âŒ,âŒ,âŒ,âŒ,âŒ,âŒ,âŒ,âŒ,âŒ,âŒ,âŒ,âŒ,âŒ,âŒ,âŒ,âŒ,âŒ
Views,Whiteboard,ğŸ–ï¸,Digital canvas for freeform collaboration and ideation,âŒ,âŒ,âŒ,âŒ,âŒ,âŒ,âŒ,âŒ,âŒ,âŒ,âŒ,âŒ,âŒ,âŒ,âŒ,âŒ,âŒ,âŒ,âŒ,âŒ,âŒ,âŒ,âŒ,âŒ,âŒ,âŒ,âŒ,âŒ,âŒ,âŒ,âŒ,âŒ,âŒ,âŒ,âŒ,âŒ,âŒ,âŒ,âŒ,âŒ,âŒ,âŒ,âŒ,âŒ,âŒ,âŒ,âŒ,âŒ
Views,Activity,ğŸ“Š,Log or feed showing recent actions and updates,âœ…,âœ…,âœ…,âœ…,âœ…,âœ…,âœ…,âœ…,âœ…,âœ…,âœ…,âœ…,,,,,,âœ…,âœ…,âœ…,âœ…,âœ…,âœ…,âœ…,âœ…,âŒ,âŒ,âŒ,âŒ,âœ…,âœ…,âœ…,âœ…,âœ…,âœ…,âœ…,âœ…,âœ…,âœ…,âœ…,âœ…,âœ…,,,,âœ…,âœ…,âœ…
Features,Chat,ğŸ’¬,Built-in messaging functionality for team communication,âœ…,âœ…,âœ…,âŒ,âŒ,âŒ,âŒ,âŒ,âœ…,âœ…,âœ…,âœ…,âŒ,âŒ,âŒ,âŒ,âŒ,âŒ,âŒ,âŒ,âŒ,âŒ,âŒ,âŒ,âŒ,âŒ,âŒ,âŒ,âŒ,âŒ,âŒ,âŒ,âŒ,âŒ,âŒ,âŒ,âŒ,âŒ,-,-,-,-,âŒ,âŒ,âŒ,âœ…,âœ…,âœ…
File Storage,File Storage (Total),ğŸ’¾,The total amount of cloud storage provided for file uploads,Unlimited,Unlimited,Unlimited,Unlimited,Unlimited,Unlimited,Unlimited,Unlimited,Unlimited,Unlimited,Unlimited,Unlimited,Unlimited,Unlimited,Unlimited,Unlimited,Unlimited,Unlimited,Unlimited,Unlimited,Unlimited,Unlimited,Unlimited,Unlimited,Unlimited,Unlimited,Unlimited,Unlimited,Unlimited,âœ… (2GB),âœ… (2GB/user),âœ… (5GB/user),âœ… (10GB/user),âœ… (15GB/user),2GB,250GB,Unlimited,Unlimited,âœ…,âœ…,âœ…,âœ…,âŒ,âœ… (1TB),âœ…,âœ… (5GB),âœ… (100GB),âœ… (120GB)
File Storage,File Storage (Per File),ğŸ“„,The maximum size allowed for a single file upload,5GB,5GB,5GB,5GB,5GB,5GB,5GB,5GB,5GB,5GB,5GB,5GB,5GB,5GB,5GB,5GB,5GB,5GB,10MB,250MB,250MB,5GB,5GB,5GB,5GB,5MB,5GB,5GB,5GB,2GB,5GB,5GB,5GB,5GB,2GB,2GB,2GB,2GB,-,-,-,-,10MB,10MB,10MB,10MB,10MB,10MB
File Storage,Share Files via Link?,ğŸ”—,Ability to share files with external users via a URL,âœ…,âœ…,âœ…,âœ…,âœ…,âœ…,âœ…,âœ…,âŒ,âŒ,âŒ,âŒ,,,,,,âŒ,âŒ,âŒ,âŒ,âŒ,âŒ,âŒ,âŒ,âŒ,âŒ,âŒ,âŒ,âŒ,âŒ,âŒ,âŒ,âŒ,âŒ,âŒ,âŒ,âŒ,-,-,-,-,âŒ,âŒ,âŒ,âœ…,âœ…,âœ…
File Storage,File Management (Folders),ğŸ“‚,Options for organizing uploaded files into folder structures,âœ…,âœ…,âœ…,âœ…,âœ…,âœ…,âœ…,âœ…,âŒ,âŒ,âŒ,âŒ,,,,,,âŒ,âŒ,âŒ,âŒ,âŒ,âŒ,âŒ,âŒ,âŒ,âŒ,âŒ,âŒ,âŒ,âŒ,âŒ,âŒ,âŒ,âŒ,âŒ,âŒ,âŒ,-,-,-,-,âŒ,âŒ,âŒ,âœ…,âœ…,âœ…
Features,Dashboards,ğŸ“Š,Customizable overview pages for project or team metrics,âœ…,âŒ,âŒ,âŒ,âœ…,âœ…,âœ…,âœ…,âŒ,âœ…,âœ…,âœ…,âœ… (1 Board per Dashboard),âœ… (1 Board per Dashboard),âœ… (up to 5 board per Dashboard),âœ… (up to 10 board per Dashboard),âœ… (up to 50 board per Dashboard),âŒ,âŒ,âœ…,âœ…,âœ…,âœ…,âœ…,âœ…,âŒ,âœ…,âœ…,âœ…,âŒ,âŒ,âŒ,âœ…,âœ…,âœ…,âœ…,âœ…,âœ…,âœ…,âœ…,âœ…,âœ…,âœ…,âœ…,âœ…,âœ…,âœ…,âœ…
Features,Multiple Assignees,ğŸ‘¥,Ability to assign a task to more than one team member,âœ…,âœ…,âœ…,âœ…,âœ…,âœ…,âœ…,âœ…,âœ…,âœ…,âœ…,âœ…,âœ…,âœ…,âœ…,âœ…,âœ…,âœ…,âœ…,âœ…,âœ…,âœ…,âœ…,âœ…,âœ…,âœ…,âœ…,âœ…,âœ…,âœ…,âœ…,âœ…,âœ…,âœ…,âŒ,âŒ,âŒ,âŒ,âœ…,âœ…,âœ…,âœ…,âœ…,âœ…,âœ…,âœ…,âœ…,âœ…
Features,Repeating Tasks,ğŸ”,Option to set tasks that automatically recur on a schedule,âœ…,âœ…,âœ…,âœ…,âœ…,âœ…,âœ…,âœ…,âŒ,âœ…,âœ…,âœ…,âœ…,âœ…,âœ…,âœ…,âœ…,âœ…,âœ…,âœ…,âœ…,âŒ,âŒ,âŒ,âŒ,âœ…,âœ…,âœ…,âœ…,âœ…,âœ…,âœ…,âœ…,âœ…,âœ…,âœ…,âœ…,âœ…,âœ…,âœ…,âœ…,âœ…,âœ…,âœ…,âœ…,âœ…,âœ…,âœ…
Features,Checklists,â˜‘ï¸,Ability to create lists of sub-items within a task,âœ…,âŒ,âŒ,âŒ,âŒ,âŒ,âŒ,âŒ,âœ…,âœ…,âœ…,âœ…,âœ…,âœ…,âœ…,âœ…,âœ…,âŒ,âœ…,âœ…,âœ…,âŒ,âŒ,âŒ,âŒ,âœ…,âœ…,âœ…,âœ…,âŒ,âŒ,âŒ,âŒ,âŒ,âŒ,âŒ,âŒ,âŒ,âœ…,âœ…,âœ…,âœ…,âœ…,âœ…,âœ…,âœ…,âœ…,âœ…
Features,Sub-tasks,â—,Capability to create hierarchical task structures,âŒ,âŒ,âŒ,âœ…,âœ…,âœ…,âœ…,âœ…,âŒ,âœ… (100 uses),"âœ… (1,000 uses)",âœ…,âœ…,âœ…,âœ…,âœ…,âœ…,âŒ,âŒ,âŒ,âŒ,âœ…,âœ…,âœ…,âœ…,âœ…,âœ…,âœ…,âœ…,âœ…,âœ…,âœ…,âœ…,âœ…,âœ…,âœ…,âœ…,âœ…,âŒ,âŒ,âŒ,âŒ,âœ…,âœ…,âœ…,âœ…,âœ…,âœ…
Features,Multi-Homing Tasks,ğŸ ,Ability to have a task appear in multiple projects simultaneously,âŒ,âŒ,âŒ,âœ…,âœ…,âœ…,âœ…,âœ…,âŒ,âŒ,âŒ,âŒ,âŒ,âŒ,âŒ,âŒ,âŒ,âœ…,âœ…,âœ…,âœ…,âŒ,âŒ,âŒ,âŒ,âœ…,âœ…,âœ…,âœ…,âœ…,âœ…,âœ…,âœ…,âœ…,âŒ,âŒ,âŒ,âŒ,âŒ,âŒ,âŒ,âœ…,âœ…,âœ…,âœ…,âŒ,âŒ,âŒ
Features,Free View-Only Guests?,ğŸ‘€,Option to invite external viewers at no additional cost,âœ…,âœ…,âœ…,âœ…,âœ…,âœ…,âœ…,âœ…,âœ…,âœ…,âœ…,âœ…,âŒ,âŒ,âœ…,âœ…,âœ…,âŒ,âœ… (Single Board),âœ… (Single Board),âœ… (multi-Board),âœ…,âœ…,âœ…,âœ…,10,250,250,250,âœ…,âœ…,âœ…,âœ…,âœ…,âŒ,âŒ,âŒ,âŒ,âœ…,âœ…,âœ…,âœ…,âœ…,âœ…,âœ…,âŒ,âŒ,âœ… (10)
Features,Custom Permissions,ğŸ”’,Ability to set specific access levels for different users or roles,âœ…,âŒ,âŒ,âŒ,âŒ,âŒ,âŒ,âŒ,âŒ,âŒ,âŒ,âœ…,âŒ,âŒ,âŒ,âŒ,âœ…,âŒ,âŒ,âŒ,âœ… (Organization Wide Permimssion),âŒ,âŒ,âŒ,âŒ,âŒ,âŒ,âŒ,âŒ,âŒ,âŒ,âŒ,âœ…,âœ…,âœ…,âœ…,âœ…,âœ…,âŒ,âŒ,âŒ,âŒ,,,,âŒ,âŒ,âœ…
Features,Dark Mode,ğŸŒ™,Option for a darker color scheme to reduce eye strain,âœ…,âœ…,âœ…,âœ…,âœ…,âœ…,âœ…,âœ…,âœ…,âœ…,âœ…,âœ…,âœ…,âœ…,âœ…,âœ…,âœ…,âœ…,âœ…,âœ…,âœ…,âŒ,âŒ,âŒ,âŒ,âœ…,âœ…,âœ…,âœ…,âœ…,âœ…,âœ…,âœ…,âœ…,âœ…,âœ…,âœ…,âœ…,âŒ,âŒ,âŒ,âŒ,âŒ,âŒ,âŒ,âœ…,âœ…,âœ…
Features,Color Themes,ğŸ¨,Customizable color options for the user interface,âœ…,âœ…,âœ…,âœ…,âœ…,âœ…,âœ…,âœ…,âœ…,âœ…,âœ…,âœ…,âœ…,âœ…,âœ…,âœ…,âœ…,âœ…,âœ…,âœ…,âœ…,âœ…,âœ…,âœ…,âœ…,âŒ,âŒ,âŒ,âŒ,âœ…,âœ…,âœ…,âœ…,âœ…,âŒ,âŒ,âŒ,âŒ,âŒ,âŒ,âŒ,âŒ,,,,âœ…,âœ…,âœ…
Features,Forms,ğŸ“,Built-in tool for creating and managing data collection forms,âœ…,âŒ,âŒ,âŒ,âœ…,âœ…,âœ…,âœ…,âŒ,âœ…,âœ…,âœ…,âœ…,âœ…,âœ…,âœ…,âœ…,âŒ,âŒ,âŒ,âŒ,âœ…,âœ…,âœ…,âœ…,âŒ,âŒ,âŒ,âŒ,âŒ,âœ…,âœ…,âœ…,âœ…,âœ…,âœ…,âœ…,âœ…,âŒ,âŒ,âŒ,âŒ,âœ…,âœ…,âœ…,âœ…,âœ…,âœ…
Features,AI,ğŸ¤–,Artificial intelligence features for task management or automation,âœ…,âŒ,âŒ,âŒ,âœ…,âœ…,âœ…,âœ…,âŒ,âœ…,âœ…,âœ…,âŒ,âŒ,âŒ,âœ…,âœ…,âŒ,âŒ,âœ…,âœ…,âœ…,âœ…,âœ…,âœ…,âœ… (Paid Add-on),âœ…  (Paid Add-on),âœ…  (Paid Add-on),âœ…  (Paid Add-on),âŒ,âœ…,âœ…,âœ…,âœ…,âŒ,âŒ,âœ…,âœ…,âŒ,âŒ,âœ…,âœ…,âŒ,âŒ,âœ…,âœ…,âœ…,âœ…
Features,Time Tracking,â±ï¸,Built-in tools for logging and monitoring time spent on tasks,âŒ,âœ…,âœ…,âŒ,âŒ,âœ…,âœ…,âœ…,âœ… (60 uses),âœ…,âœ…,âœ…,âŒ,âŒ,âŒ,âœ…,âœ…,âŒ,âŒ,âŒ,âŒ,âŒ,âŒ,âŒ,âŒ,âŒ,âŒ,âŒ,âŒ,âŒ,âŒ,âœ…,âœ…,âœ…,âœ…,âœ…,âœ…,âœ…,âŒ,âŒ,âŒ,âŒ,âœ…,âœ…,âœ…,âŒ,âœ…,âœ…
Features,Docs,ğŸ“„,Integrated document creation and editing capabilities,âœ…,âœ…,âœ…,âŒ,âŒ,âŒ,âŒ,âŒ,âœ…,âœ…,âœ…,âœ…,âŒ,âŒ,âŒ,âœ…,âœ…,âŒ,âŒ,âŒ,âŒ,âŒ,âŒ,âŒ,âŒ,âœ…,âœ…,âœ…,âœ…,âŒ,âŒ,âŒ,âŒ,âŒ,âŒ,âŒ,âŒ,âŒ,âŒ,âŒ,âŒ,âŒ,âŒ,âŒ,âŒ,âŒ,âŒ,âŒ
Features,Wiki,ğŸ“š,Collaborative space for sharing and organizing team knowledge,âœ…,âœ…,âœ…,âŒ,âŒ,âŒ,âŒ,âŒ,âœ… (1 Wiki) ,âœ…,âœ…,âœ…,,,,,,âŒ,âŒ,âŒ,âŒ,âŒ,âŒ,âŒ,âŒ,âœ…,âœ…,âœ…,âœ…,âŒ,âŒ,âŒ,âŒ,âŒ,âŒ,âŒ,âŒ,âŒ,âŒ,âŒ,âŒ,âŒ,âŒ,âŒ,âŒ,âŒ,âŒ,âŒ
Features,Automations,âš™ï¸,Tools for creating automated workflows and actions,âœ…,âŒ,âŒ,âŒ,âœ…,âœ…,âœ…,âœ…,âœ…,âœ…,âœ…,âœ…,âœ…,âœ…,âœ…,âœ…,âœ…,âœ…,âœ…,âœ…,âœ…,âœ…,âœ…,âœ…,âœ…,"âœ… Basic (button, slack, sprint)",âœ…,âœ…,âœ…,âŒ,âœ…,âœ…,âœ…,âœ…,âœ…,âœ…,âœ…,âœ…,âŒ,âŒ,âŒ,âŒ,âœ…,âœ…,âœ…,âŒ,âœ…,âœ…
Features,Automation Rules,ğŸ¤–,The number of automation rules allowed,Unlimited,âŒ,âŒ,âŒ,Unlimited,Unlimited,Unlimited,Unlimited,5,500,Unlimited,Unlimited,Unlimited,Unlimited,Unlimited,Unlimited,Unlimited,not stated ,not stated ,not stated ,not stated ,Unlimited,Unlimited,Unlimited,Unlimited,Not stated ,Not stated ,Not stated ,Not stated ,âŒ,"1,000","2,000","3,000","4,000",100,"1,700",1000/user,Unlimited,âŒ,âŒ,âŒ,âŒ,250,Unlimited,Unlimited,âŒ,-,
Features,Automation Actions per Month,ğŸ“Š,The number of automated actions allowed per month,Unlimited,âŒ,âŒ,âŒ,250,"25,000",-,-,100,500,"10,000","250,000",,,250,"25,000","250,000",250,"1,000","10,000","10,000",100,"25,000","100,000","500,000",,Custom ,Custom ,Custom ,âŒ,50,200,"1,000","1,500",Unlimited,Unlimited,Unlimited,Unlimited,âŒ,âŒ,âŒ,âŒ,âœ…,âœ…,âœ…,âŒ,-,-
Features,"Advanced Automation (Email, SMS)",ğŸ“¨,Capability to automate external communications like email or SMS,âœ…,âŒ,âŒ,âœ…,âœ…,âœ…,âœ…,âœ…,âœ…,âœ…,âœ…,âœ…,âœ…,âœ…,âœ…,âœ…,âœ…,âœ…,âœ…,âœ…,âœ…,âœ…,âœ…,âœ…,âœ…,âŒ,âŒ,âŒ,âŒ,âŒ,âŒ,âŒ,âŒ,âŒ,âœ…,âœ…,âœ…,âœ…,âŒ,âŒ,âŒ,âŒ,âœ…,âœ…,âœ…,âŒ,âŒ,âœ…
Features,Integrations,ğŸ”—,Ability to connect and sync with other software tools,âœ…,âœ…,âœ…,âœ…,âœ…,âœ…,âœ…,âœ…,âŒ,âœ…,âœ…,âœ…,âŒ,âŒ,âœ… 250 actions," âœ… 25,000 actions"," âœ… 250,000 actions",âœ…,âœ…,âœ…,âœ…,âŒ,âœ… (Standard sync),âœ… (Premium sync),âœ… (On-premises sync),âœ…,âœ…,âœ…,âœ…,âœ…,âœ…,âœ…,âœ…,âœ…,âœ…,âœ…,âœ…,âœ…,âŒ,âœ…,âœ…,âœ…,âœ…,âœ…,âœ…,âœ…,âœ…,âœ…
Features,Dependencies,ğŸ”—,Feature to link tasks that rely on each other,âœ…,âŒ,âŒ,âŒ,âœ…,âœ…,âœ…,âœ…,âœ…,âœ…,âœ…,âœ…,âŒ,âŒ,âœ…,âœ…,âœ…,âŒ,âŒ,âŒ,âŒ,âŒ,âœ…,âœ…,âœ…,âœ…,âœ…,âœ…,âœ…,âœ…,âœ…,âœ…,âœ…,âœ…,âœ…,âœ…,âœ…,âœ…,âŒ,âœ…,âœ…,âœ…,âœ…,âœ…,âœ…,âœ…,âœ…,âœ…
Features,Time Zone Support,ğŸŒ,Accommodation for teams working across different time zones,âœ…,âœ…,âœ…,âŒ,âŒ,âŒ,âŒ,âŒ,âŒ,âŒ,âŒ,âŒ,âŒ,âŒ,âŒ,âŒ,âŒ,âœ…,âœ…,âœ…,âœ…,âŒ,âŒ,âŒ,âŒ,âŒ,âŒ,âŒ,âŒ,âœ…,âœ…,âœ…,âœ…,âœ…,âœ…,âœ…,âœ…,âœ…,âœ…,âœ…,âœ…,âœ…,âœ…,âœ…,âœ…,âŒ,âŒ,âŒ
Features,Multi-Language,ğŸŒ,Availability of the interface in multiple languages,âœ…,âŒ,âŒ,âœ…,âœ…,âœ…,âœ…,âœ…,âœ…,âœ…,âœ…,âœ…,âœ…,âœ…,âœ…,âœ…,âœ…,âœ…,âœ…,âœ…,âœ…,âŒ,âŒ,âŒ,âŒ,âœ…,âœ…,âœ…,âœ…,âœ…,âœ…,âœ…,âœ…,âœ…,âœ…,âœ…,âœ…,âœ…,âœ…,âœ…,âœ…,âœ…,âœ…,âœ…,âœ…,âœ…,âœ…,âœ…
Features,Data Export,ğŸ“¤,Ability to extract and download project data,âœ…,âœ…,âœ…,âœ…,âœ…,âœ…,âœ…,âœ…,âœ… (5 export),âœ… (5 export),âœ…,âœ…,âœ…,âœ…,âœ…,âœ…,âœ…,âŒ,âŒ,âœ…,âœ…,âŒ,âŒ,âŒ,âŒ,âœ…,âœ…,âœ…,âœ…,âœ…,âœ…,âœ…,âœ…,âœ…,âœ…,âœ…,âœ…,âœ…,âœ…,âœ…,âœ…,âœ…,âœ…,âœ…,âœ…,âœ…,âœ…,âœ…
Features,Templates (Company Made),ğŸ¢,Pre-made project templates provided by the software company,âœ…,âœ…,âœ…,âœ…,âœ…,âœ…,âœ…,âœ…,âœ…,âœ…,âœ…,âœ…,âœ… (200),âœ…,âœ…,âœ…,âœ…,âœ…,âœ…,âœ…,âœ…,âœ…,âœ…,âœ…,âœ…,âœ…,âœ…,âœ…,âœ…,âœ…,âœ…,âœ…,âœ…,âœ…,âœ…,âœ…,âœ…,âœ…,âœ…,âœ…,âœ…,âœ…,âœ…,âœ…,âœ…,âŒ,âœ…,âœ…
Features,Templates (Self Made),ğŸ› ï¸,Ability for users to create and save their own project templates,âœ…,âœ…,âœ…,âœ…,âœ…,âœ…,âœ…,âœ…,âœ…,âœ…,âœ…,âœ…,âŒ,âŒ,âŒ,âœ…,âœ…,âŒ,âŒ,âœ…,âœ…,âŒ,âŒ,âŒ,âŒ,âœ…,âœ…,âœ…,âœ…,âŒ,âŒ,âœ…,âœ…,âœ…,âŒ,âŒ,âŒ,âŒ,âœ…,âœ…,âœ…,âœ…,âœ…,âœ…,âœ…,âœ…,âœ…,âœ…
Features,Templates (Bundles),ğŸ“¦,Collections of related templates for specific use cases,âŒ,âŒ,âŒ,âœ…,âœ…,âœ…,âœ…,âœ…,âœ…,âœ…,âœ…,âœ…,âŒ,âŒ,âŒ,âŒ,âœ… (Parent & Child template),âŒ,âŒ,âŒ,âŒ,âŒ,âŒ,âŒ,âŒ,âŒ,âŒ,âŒ,âŒ,âŒ,âŒ,âŒ,âŒ,âŒ,âŒ,âŒ,âŒ,âŒ,âŒ,âŒ,âŒ,âŒ,âŒ,âŒ,âŒ,âŒ,âŒ,âŒ
Features,Custom Domain,ğŸŒ,Ability to use your own domain for the software interface,âœ…,âŒ,âŒ,âŒ,âŒ,âŒ,âœ…,âœ…,âŒ,âŒ,âŒ,âœ…,âŒ,âŒ,âŒ,âŒ,âœ…,âŒ,âŒ,âŒ,âŒ,âŒ,âŒ,âŒ,âŒ,âŒ,âœ… (add on),âœ… (add on),âœ… (add on),âŒ,âŒ,âŒ,âœ…,âœ…,âŒ,âŒ,âŒ,âŒ,âŒ,âŒ,âŒ,âŒ,âŒ,âŒ,âŒ,âŒ,âœ…,âœ…
Features,Upload Company Logo,ğŸ–¼ï¸,Option to display your company's logo within the software,âœ…,âœ…,âœ…,âœ…,âœ…,âœ…,âœ…,âœ…,âœ…,âœ…,âœ…,âœ…,âœ…,âœ…,âœ…,âœ…,âœ…,âœ…,âœ…,âœ…,âœ…,âŒ,âŒ,âŒ,âŒ,âœ…,âœ…,âœ…,âœ…,âœ…,âœ…,âœ…,âœ…,âœ…,âœ…,âœ…,âœ…,âœ…,âŒ,âŒ,âŒ,âŒ,âœ…,âœ…,âœ…,âŒ,âœ…,âœ…
Features,White Label,ğŸ·ï¸,Ability to remove the software's branding entirely,âŒ,âŒ,âŒ,âŒ,âŒ,âŒ,âŒ,âœ…,âŒ,âŒ,âŒ,âœ…,âŒ,âŒ,âŒ,âŒ,âŒ,âŒ,âŒ,âŒ,âŒ,âŒ,âŒ,âŒ,âŒ,âŒ,âœ… (add on),âœ… (add on),âœ… (add on),âŒ,âŒ,âŒ,âœ…,âœ…,âŒ,âŒ,âŒ,âŒ,âŒ,âŒ,âŒ,âŒ,âŒ,âŒ,âŒ,âŒ,âœ…,âœ…
Custom Fields,AI,ğŸ¤–,AI-powered custom fields for intelligent data processing,âŒ,âŒ,âŒ,âŒ,âŒ,âŒ,âŒ,âŒ,âŒ,âŒ,âŒ,âŒ,âŒ,âŒ,âŒ,âœ…,âœ…,âŒ,âŒ,âŒ,âŒ,âŒ,âœ…,âœ…,âœ…,âŒ,âŒ,âŒ,âŒ,âŒ,âŒ,âŒ,âŒ,âŒ,âŒ,âŒ,âŒ,âŒ,âŒ,âŒ,âŒ,âŒ,âŒ,âŒ,âŒ,âŒ,âŒ,âŒ
Custom Fields,Single Line Text,ğŸ”¤,Custom field for short text entries,âœ…,âŒ,âŒ,âŒ,âœ…,âœ…,âœ…,âœ…,âœ… (60 uses),âœ…,âœ…,âœ…,âœ…,âœ…,âœ…,âœ…,âœ…,âŒ,âœ…,âœ…,âœ…,âœ…,âœ…,âœ…,âœ…,âœ…,âœ…,âœ…,âœ…,âœ…,âœ…,âœ…,âœ…,âœ…,âœ…,âœ…,âœ…,âœ…,âŒ,âŒ,âŒ,âŒ,âœ…,âœ…,âœ…,âŒ,âŒ,âœ…
Custom Fields,Multiple Line Text,ğŸ“,Custom field for longer text entries or descriptions,âœ…,âŒ,âŒ,âŒ,âœ…,âœ…,âœ…,âœ…,âœ… (60 uses),âœ…,âœ…,âœ…,âœ…,âœ…,âœ…,âœ…,âœ…,âŒ,âœ…,âœ…,âœ…,âœ…,âœ…,âœ…,âœ…,âœ…,âœ…,âœ…,âœ…,âœ…,âœ…,âœ…,âœ…,âœ…,âœ…,âœ…,âœ…,âœ…,âŒ,âŒ,âŒ,âŒ,âœ…,âœ…,âœ…,âŒ,âŒ,âœ…
Custom Fields,URL / Link,ğŸ”—,Custom field specifically for web addresses,âœ…,âŒ,âŒ,âŒ,âŒ,âŒ,âŒ,âŒ,âœ… (60 uses),âœ…,âœ…,âœ…,âœ…,âœ…,âœ…,âœ…,âœ…,âŒ,âŒ,âŒ,âŒ,âœ…,âœ…,âœ…,âœ…,âœ…,âœ…,âœ…,âœ…,âŒ,âŒ,âŒ,âŒ,âŒ,âœ…,âœ…,âœ…,âœ…,âœ…,âœ…,âœ…,âœ…,âŒ,âŒ,âŒ,âŒ,âŒ,âŒ
Custom Fields,Currency,ğŸ’±,Custom field for monetary values with currency selection,âœ…,âŒ,âŒ,âŒ,âœ…,âœ…,âœ…,âœ…,âœ… (60 uses),âœ…,âœ…,âœ…,âœ…,âŒ,âŒ,âŒ,âŒ,âŒ,âŒ,âŒ,âŒ,âœ…,âœ…,âœ…,âœ…,âœ…,âœ…,âœ…,âœ…,âœ…,âœ…,âœ…,âœ…,âœ…,âŒ,âŒ,âŒ,âŒ,âŒ,âŒ,âŒ,âŒ,âœ…,âœ…,âœ…,âŒ,âŒ,âœ…
Custom Fields,Country,ğŸŒ,Custom field for selecting countries from a list,âœ…,âŒ,âŒ,âŒ,âŒ,âŒ,âŒ,âŒ,âŒ,âŒ,âŒ,âŒ,âœ…,âœ…,âœ…,âœ…,âœ…,âŒ,âŒ,âŒ,âŒ,âœ…,âœ…,âœ…,âœ…,âŒ,âŒ,âŒ,âŒ,âŒ,âŒ,âŒ,âŒ,âŒ,âŒ,âŒ,âŒ,âŒ,âŒ,âŒ,âŒ,âŒ,âœ…,âœ…,âœ…,âŒ,âŒ,âŒ
Custom Fields,Date,ğŸ“…,Custom field for date selection,âœ…,âŒ,âŒ,âŒ,âœ…,âœ…,âœ…,âœ…,âœ… (60 uses),âœ…,âœ…,âœ…,âœ…,âœ…,âœ…,âœ…,âœ…,âŒ,âœ…,âœ…,âœ…,âœ…,âœ…,âœ…,âœ…,âœ…,âœ…,âœ…,âœ…,âœ…,âœ…,âœ…,âœ…,âœ…,âœ…,âœ…,âœ…,âœ…,âŒ,âŒ,âŒ,âŒ,âœ…,âœ…,âœ…,âŒ,âŒ,âœ…
Custom Fields,Formula,ğŸ§®,Custom field that calculates values based on other fields,âœ…,âŒ,âŒ,âŒ,âŒ,âŒ,âŒ,âŒ,âœ… (60 uses),âœ…,âœ…,âœ…,âŒ,âŒ,âœ…,âœ…,âœ…,âŒ,âŒ,âŒ,âŒ,âœ…,âœ…,âœ…,âœ…,âœ…,âœ…,âœ…,âœ…,âœ…,âœ…,âœ…,âœ…,âœ…,âŒ,âŒ,âŒ,âŒ,âŒ,âŒ,âŒ,âŒ,âœ…,âœ…,âœ…,âŒ,âŒ,âœ…
Custom Fields,File,ğŸ“,Custom field for file attachments,âœ…,âŒ,âŒ,âŒ,âŒ,âŒ,âŒ,âŒ,âœ… (60 uses),âœ…,âœ…,âœ…,âœ…,âœ…,âœ…,âœ…,âœ…,âŒ,âœ…,âœ…,âœ…,âœ…,âœ…,âœ…,âœ…,âœ…,âœ…,âœ…,âœ…,âŒ,âŒ,âŒ,âŒ,âŒ,âŒ,âŒ,âŒ,âŒ,âœ…,âœ…,âœ…,âœ…,âŒ,âŒ,âŒ,âŒ,âŒ,âŒ
Custom Fields,Single Select,â˜‘ï¸,Custom field for choosing one option from a list,âœ…,âŒ,âŒ,âŒ,âœ…,âœ…,âœ…,âœ…,âŒ,âŒ,âŒ,âŒ,âœ…,âœ…,âœ…,âœ…,âœ…,âŒ,âœ…,âœ…,âœ…,âœ…,âœ…,âœ…,âœ…,âœ…,âœ…,âœ…,âœ…,âœ…,âœ…,âœ…,âœ…,âœ…,âœ…,âœ…,âœ…,âœ…,âŒ,âŒ,âŒ,âŒ,âœ…,âœ…,âœ…,âŒ,âŒ,âœ…
Custom Fields,Multiple Select,âœ…,Custom field for choosing multiple options from a list,âœ…,âŒ,âŒ,âŒ,âœ…,âœ…,âœ…,âœ…,âŒ,âŒ,âŒ,âŒ,âœ…,âœ…,âœ…,âœ…,âœ…,âŒ,âœ…,âœ…,âœ…,âœ…,âœ…,âœ…,âœ…,âœ…,âœ…,âœ…,âœ…,âœ…,âœ…,âœ…,âœ…,âœ…,âœ…,âœ…,âœ…,âœ…,âŒ,âŒ,âŒ,âŒ,âœ…,âœ…,âœ…,âŒ,âŒ,âœ…
Custom Fields,Location / Map,ğŸ“,Custom field for geographical locations,âœ…,âŒ,âŒ,âŒ,âŒ,âŒ,âŒ,âŒ,âœ… (60 uses),âœ…,âœ…,âœ…,âœ…,âœ…,âœ…,âœ…,âœ…,âŒ,âœ…,âœ…,âœ…,âœ…,âœ…,âœ…,âœ…,âŒ,âŒ,âŒ,âŒ,âŒ,âŒ,âŒ,âŒ,âŒ,âŒ,âŒ,âŒ,âŒ,âŒ,âŒ,âŒ,âŒ,âœ…,âœ…,âœ…,âŒ,âŒ,âŒ
Custom Fields,Phone Number,ğŸ“,Custom field formatted for phone numbers,âœ…,âŒ,âŒ,âŒ,âŒ,âŒ,âŒ,âŒ,âœ… (60 uses),âœ…,âœ…,âœ…,âœ…,âœ…,âœ…,âœ…,âœ…,âŒ,âŒ,âŒ,âŒ,âœ…,âœ…,âœ…,âœ…,âœ…,âœ…,âœ…,âœ…,âŒ,âŒ,âŒ,âŒ,âŒ,âŒ,âŒ,âŒ,âŒ,âŒ,âŒ,âŒ,âŒ,âŒ,âŒ,âŒ,âŒ,âŒ,âŒ
Custom Fields,Email,ğŸ“§,Custom field formatted for email addresses,âœ…,âŒ,âŒ,âŒ,âŒ,âŒ,âŒ,âŒ,âœ… (60 uses),âœ…,âœ…,âœ…,âœ…,âœ…,âœ…,âœ…,âœ…,âŒ,âŒ,âŒ,âŒ,âœ…,âœ…,âœ…,âœ…,âœ…,âœ…,âœ…,âœ…,âŒ,âŒ,âŒ,âŒ,âŒ,âŒ,âŒ,âŒ,âŒ,âŒ,âŒ,âŒ,âŒ,âœ…,âœ…,âœ…,âŒ,âŒ,âŒ
Custom Fields,Star Rating,â­,Custom field for rating on a star scale,âœ…,âŒ,âŒ,âŒ,âŒ,âŒ,âŒ,âŒ,âœ… (60 uses),âœ…,âœ…,âœ…,âœ…,âœ…,âœ…,âœ…,âœ…,âŒ,âŒ,âŒ,âŒ,âœ…,âœ…,âœ…,âœ…,âŒ,âŒ,âŒ,âŒ,âŒ,âŒ,âŒ,âŒ,âŒ,âŒ,âŒ,âŒ,âŒ,âŒ,âŒ,âŒ,âŒ,âŒ,âŒ,âŒ,âŒ,âŒ,âŒ
Custom Fields,Checkbox,â˜‘ï¸,Custom field for true/false or yes/no options,âœ…,âŒ,âŒ,âŒ,âŒ,âŒ,âŒ,âŒ,âœ… (60 uses),âœ…,âœ…,âœ…,âœ…,âœ…,âœ…,âœ…,âœ…,âŒ,âœ…,âœ…,âœ…,âœ…,âœ…,âœ…,âœ…,âœ…,âœ…,âœ…,âœ…,âœ…,âœ…,âœ…,âœ…,âœ…,âœ…,âœ…,âœ…,âœ…,âŒ,âŒ,âŒ,âŒ,âœ…,âœ…,âœ…,âŒ,âŒ,âœ…
Custom Fields,Number,ğŸ”¢,Custom field for numerical values,âœ…,âŒ,âŒ,âŒ,âœ…,âœ…,âœ…,âœ…,âœ… (60 uses),âœ…,âœ…,âœ…,âœ…,âœ…,âœ…,âœ…,âœ…,âŒ,âœ…,âœ…,âœ…,âœ…,âœ…,âœ…,âœ…,âœ…,âœ…,âœ…,âœ…,âœ…,âœ…,âœ…,âœ…,âœ…,âœ…,âœ…,âœ…,âœ…,âŒ,âŒ,âŒ,âŒ,âœ…,âœ…,âœ…,âŒ,âŒ,âœ…
Custom Fields,Percent,ğŸ’¯,Custom field for percentage values,âœ…,âŒ,âŒ,âŒ,âœ…,âœ…,âœ…,âœ…,âŒ,âŒ,âŒ,âŒ,âœ…,âŒ,âŒ,âŒ,âŒ,âŒ,âŒ,âŒ,âŒ,âœ…,âœ…,âœ…,âœ…,âœ…,âœ…,âœ…,âœ…,âœ…,âœ…,âœ…,âœ…,âœ…,âŒ,âŒ,âŒ,âŒ,âŒ,âŒ,âŒ,âŒ,âœ…,âœ…,âœ…,âŒ,âŒ,âœ…
Custom Fields,Unique ID,ğŸ†”,Custom field for generating unique identifiers,âœ…,âŒ,âŒ,âŒ,âŒ,âŒ,âŒ,âŒ,âŒ,âŒ,âŒ,âŒ,âœ…,âœ…,âœ…,âœ…,âœ…,âŒ,âŒ,âŒ,âŒ,âœ…,âœ…,âœ…,âœ…,âœ…,âœ…,âœ…,âœ…,âŒ,âŒ,âŒ,âŒ,âŒ,âŒ,âŒ,âŒ,âŒ,âŒ,âŒ,âŒ,âŒ,âœ…,âœ…,âœ…,âŒ,âŒ,âœ…
Custom Fields,Reference,ğŸ”—,Custom field that links to other items in the system,âœ…,âŒ,âŒ,âŒ,âŒ,âŒ,âŒ,âŒ,âœ… (60 uses),âœ…,âœ…,âœ…,âœ…,âŒ,âŒ,âŒ,âŒ,âŒ,âŒ,âŒ,âŒ,âœ…,âœ…,âœ…,âœ…,âœ…,âœ…,âœ…,âœ…,âŒ,âŒ,âŒ,âŒ,âŒ,âŒ,âŒ,âŒ,âŒ,âŒ,âŒ,âŒ,âŒ,âŒ,âŒ,âŒ,âŒ,âŒ,âœ…
Custom Fields,Lookup,ğŸ”,Custom field that displays data from related records,âœ…,âŒ,âŒ,âŒ,âŒ,âŒ,âŒ,âŒ,âœ… (60 uses),âœ…,âœ…,âœ…,âœ…,âŒ,âŒ,âŒ,âŒ,âŒ,âŒ,âŒ,âŒ,âœ…,âœ…,âœ…,âœ…,âœ…,âœ…,âœ…,âœ…,âŒ,âŒ,âŒ,âŒ,âŒ,âŒ,âŒ,âŒ,âŒ,âŒ,âŒ,âŒ,âŒ,âŒ,âŒ,âŒ,âŒ,âŒ,âœ…
Custom Fields,Duration,â³,Custom field for time spans or periods,âœ…,âŒ,âŒ,âŒ,âŒ,âŒ,âŒ,âŒ,âŒ,âŒ,âŒ,âŒ,âŒ,âŒ,âœ…,âœ…,âœ…,âŒ,âŒ,âŒ,âŒ,âœ…,âœ…,âœ…,âœ…,âŒ,âŒ,âŒ,âŒ,âœ…,âœ…,âœ…,âœ…,âœ…,âœ…,âœ…,âœ…,âœ…,âŒ,âŒ,âŒ,âŒ,âœ…,âœ…,âœ…,âŒ,âŒ,âœ…
Custom Fields,Roll up,ğŸ²,Custom field that aggregates data from related records,âŒ,âŒ,âŒ,âŒ,âŒ,âŒ,âŒ,âŒ,âœ… (60 uses),âœ…,âœ…,âœ…,âŒ,âŒ,âŒ,âŒ,âŒ,âŒ,âŒ,âŒ,âŒ,âœ…,âœ…,âœ…,âœ…,âœ…,âœ…,âœ…,âœ…,âŒ,âŒ,âŒ,âŒ,âŒ,âŒ,âŒ,âŒ,âŒ,âŒ,âŒ,âŒ,âŒ,âŒ,âŒ,âŒ,âŒ,âŒ,âœ…
Apps,iOS App (iPhone),ğŸ“±,Availability of a native app for iPhones,âœ…,âœ…,âœ…,âœ…,âœ…,âœ…,âœ…,âœ…,âœ…,âœ…,âœ…,âœ…,âœ…,âœ…,âœ…,âœ…,âœ…,âœ…,âœ…,âœ…,âœ…,âœ…,âœ…,âœ…,âœ…,âœ…,âœ…,âœ…,âœ…,âœ…,âœ…,âœ…,âœ…,âœ…,âœ…,âœ…,âœ…,âœ…,âœ…,âœ…,âœ…,âœ…,âœ…,âœ…,âœ…,âœ…,âœ…,âœ…
Apps,iOS App (iPad),ğŸ“±,Availability of a native app optimized for iPads,âœ…,âœ…,âœ…,âœ…,âœ…,âœ…,âœ…,âœ…,âœ…,âœ…,âœ…,âœ…,âœ…,âœ…,âœ…,âœ…,âœ…,âœ…,âœ…,âœ…,âœ…,âœ…,âœ…,âœ…,âœ…,âœ…,âœ…,âœ…,âœ…,âœ…,âœ…,âœ…,âœ…,âœ…,âœ…,âœ…,âœ…,âœ…,âœ…,âœ…,âœ…,âœ…,âœ…,âœ…,âœ…,âœ…,âœ…,âœ…
Apps,Android App,ğŸ¤–,Availability of a native app for Android devices,âœ…,âœ…,âœ…,âœ…,âœ…,âœ…,âœ…,âœ…,âœ…,âœ…,âœ…,âœ…,âœ…,âœ…,âœ…,âœ…,âœ…,âœ…,âœ…,âœ…,âœ…,âœ…,âœ…,âœ…,âœ…,âœ…,âœ…,âœ…,âœ…,âœ…,âœ…,âœ…,âœ…,âœ…,âœ…,âœ…,âœ…,âœ…,âœ…,âœ…,âœ…,âœ…,âœ…,âœ…,âœ…,âœ…,âœ…,âœ…
Apps,Mac App,ğŸ–¥ï¸,Availability of a desktop app for Mac computers,âœ…,âœ…,âœ…,âœ…,âœ…,âœ…,âœ…,âœ…,âœ…,âœ…,âœ…,âœ…,âœ…,âœ…,âœ…,âœ…,âœ…,âœ…,âœ…,âœ…,âœ…,âœ…,âœ…,âœ…,âœ…,âœ…,âœ…,âœ…,âœ…,âœ…,âœ…,âœ…,âœ…,âœ…,âœ…,âœ…,âœ…,âœ…,âŒ,âŒ,âŒ,âŒ,âœ…,âœ…,âœ…,âŒ,âŒ,âŒ
Apps,Windows App,ğŸªŸ,Availability of a desktop app for Windows computers,âœ…,âœ…,âœ…,âœ…,âœ…,âœ…,âœ…,âœ…,âœ…,âœ…,âœ…,âœ…,âœ…,âœ…,âœ…,âœ…,âœ…,âœ…,âœ…,âœ…,âœ…,âœ…,âœ…,âœ…,âœ…,âœ…,âœ…,âœ…,âœ…,âœ…,âœ…,âœ…,âœ…,âœ…,âœ…,âœ…,âœ…,âœ…,âŒ,âŒ,âŒ,âŒ,âœ…,âœ…,âœ…,âŒ,âŒ,âŒ
Developers,API,ğŸ”Œ,Programmatic access to the software's data and functions,âœ…,âœ…,âœ…,âœ…,âœ…,âœ…,âœ…,âœ…,âœ… (100/minute),âœ… (100/minute),âœ… (100/minute),âœ… (100/minute),âœ…,âœ…,âœ…,âœ…,âœ…,âœ…,âœ…,âœ…,âœ…,âœ…,âœ…,âœ…,âœ…,âœ…,âœ…,âœ…,âœ…,âœ…,âœ…,âœ…,âœ…,âœ…,âœ…,âœ…,âœ…,âœ…,âŒ,âŒ,âŒ,âŒ,âœ…,âœ…,âœ…,âœ…,âœ…,âœ…
Developers,API Requests Per Minute,â±ï¸,The rate limit for API calls in a given timeframe,,"3,000","3,000",,"1,500","1,500","1,500","1,500",100,1000,10000,10000,,,,,,,,,,1000/month,"100,000/month",Unlimited,Unlimited,,,,,,,,,,,,,,,,,,,,,,,
Developers,Webhooks,ğŸª,Ability to send automated notifications to external systems,âœ…,âŒ,âŒ,âœ…,âœ…,âœ…,âœ…,âœ…,âŒ,âŒ,âœ…,âœ…,âœ…,âœ…,âœ…,âœ…,âœ…,âŒ,âŒ,âŒ,âŒ,âœ…,âœ…,âœ…,âœ…,âŒ,âŒ,âŒ,âŒ,âŒ,âŒ,âŒ,âŒ,âŒ,âœ…,âœ…,âœ…,âœ…,âŒ,âŒ,âŒ,âŒ,âœ…,âœ…,âœ…,,,
Security,Two-Factor Authentication,ğŸ”,Additional security layer requiring a second form of verification,âŒ,âœ…,âœ…,âœ…,âœ…,âœ…,âœ…,âœ…,âœ…,âœ…,âœ…,âœ…,âœ…,âœ…,âœ…,âœ…,âœ…,âœ…,âœ…,âœ…,âœ…,âœ…,âœ…,âœ…,âœ…,âŒ,âŒ,âŒ,âŒ,âœ…,âœ…,âœ…,âœ…,âœ…,âœ…,âœ…,âœ…,âœ…,âœ…,âœ…,âœ…,âœ…,âŒ,âŒ,âŒ,âŒ,âŒ,âœ…
Security,SSO (Single Sign-On),ğŸ”‘,Allows users to access multiple applications with one set of login credentials,âŒ,âŒ,âŒ,âœ…,âœ…,âœ…,âœ…,âœ…,âœ…,âœ…,âœ…,âœ…,âœ…,âœ…,âœ…,âœ…,âœ…,âœ…,âœ…,âœ…,âœ…,âœ…,âœ…,âœ…,âœ…,âœ…,âœ…,âœ…,âœ…,âœ…,âœ…,âœ…,âœ…,âœ…,âœ…,âœ…,âœ…,âœ…,âœ…,âœ…,âœ…,âœ…,âŒ,âŒ,âŒ,âŒ,âŒ,âœ…
Security,Audit Logs,ğŸ“œ,Detailed records of all actions taken within the software,âœ…,âœ…,âœ…,âŒ,âŒ,âŒ,âœ…,âœ…,âœ…,âœ…,âœ…,âœ…,âŒ,âŒ,âŒ,âŒ,âœ…,âœ…,âœ…,âœ…,âœ…,âŒ,âŒ,âŒ,âœ…,âŒ,âŒ,âŒ,âœ…,âŒ,âŒ,âŒ,âœ…,âœ…,âŒ,âœ…,âœ…,âœ…,âœ…,âœ…,âœ…,âœ…,âœ…,âœ…,âœ…,,,